序号,名称,品质,等级,成长倍率,血量,攻击,战力
1,龙焰女王,传奇,1,1.0,950,80,704
1,龙焰女王,传奇,2,1.069,1016,86,752
1,龙焰女王,传奇,3,1.138,1081,91,801
1,龙焰女王,传奇,4,1.207,1147,97,849
1,龙焰女王,传奇,5,1.276,1212,102,898
1,龙焰女王,传奇,6,1.345,1278,108,946
1,龙焰女王,传奇,7,1.414,1343,113,995
1,龙焰女王,传奇,8,1.483,1409,119,1043
1,龙焰女王,传奇,9,1.552,1474,124,1092
1,龙焰女王,传奇,10,1.621,1540,130,1140
1,龙焰女王,传奇,11,1.69,1605,135,1189
1,龙焰女王,传奇,12,1.759,1671,141,1237
1,龙焰女王,传奇,13,1.828,1736,146,1286
1,龙焰女王,传奇,14,1.897,1802,152,1334
1,龙焰女王,传奇,15,1.966,1867,157,1383
1,龙焰女王,传奇,16,2.034,1933,163,1432
1,龙焰女王,传奇,17,2.103,1998,168,1480
1,龙焰女王,传奇,18,2.172,2064,174,1529
1,龙焰女王,传奇,19,2.241,2129,179,1577
1,龙焰女王,传奇,20,2.31,2195,185,1626
1,龙焰女王,传奇,21,2.379,2260,190,1674
1,龙焰女王,传奇,22,2.448,2326,196,1723
1,龙焰女王,传奇,23,2.517,2391,201,1771
1,龙焰女王,传奇,24,2.586,2457,207,1820
1,龙焰女王,传奇,25,2.655,2522,212,1868
1,龙焰女王,传奇,26,2.724,2588,218,1917
1,龙焰女王,传奇,27,2.793,2653,223,1965
1,龙焰女王,传奇,28,2.862,2719,229,2014
1,龙焰女王,传奇,29,2.931,2784,234,2062
1,龙焰女王,传奇,30,3.0,2850,240,2111
2,永冬之王,传奇,1,1.0,834,92,700
2,永冬之王,传奇,2,1.069,892,98,749
2,永冬之王,传奇,3,1.138,949,105,797
2,永冬之王,传奇,4,1.207,1007,111,845
2,永冬之王,传奇,5,1.276,1064,117,893
2,永冬之王,传奇,6,1.345,1122,124,942
2,永冬之王,传奇,7,1.414,1179,130,990
2,永冬之王,传奇,8,1.483,1237,136,1038
2,永冬之王,传奇,9,1.552,1294,143,1086
2,永冬之王,传奇,10,1.621,1352,149,1135
2,永冬之王,传奇,11,1.69,1409,155,1183
2,永冬之王,传奇,12,1.759,1467,162,1231
2,永冬之王,传奇,13,1.828,1524,168,1279
2,永冬之王,传奇,14,1.897,1582,174,1328
2,永冬之王,传奇,15,1.966,1639,181,1376
2,永冬之王,传奇,16,2.034,1697,187,1424
2,永冬之王,传奇,17,2.103,1754,194,1472
2,永冬之王,传奇,18,2.172,1812,200,1521
2,永冬之王,传奇,19,2.241,1869,206,1569
2,永冬之王,传奇,20,2.31,1927,213,1618
2,永冬之王,传奇,21,2.379,1984,219,1666
2,永冬之王,传奇,22,2.448,2042,225,1714
2,永冬之王,传奇,23,2.517,2099,232,1762
2,永冬之王,传奇,24,2.586,2157,238,1811
2,永冬之王,传奇,25,2.655,2214,244,1859
2,永冬之王,传奇,26,2.724,2272,251,1907
2,永冬之王,传奇,27,2.793,2329,257,1955
2,永冬之王,传奇,28,2.862,2387,263,2004
2,永冬之王,传奇,29,2.931,2444,270,2052
2,永冬之王,传奇,30,3.0,2502,276,2100
3,风暴女巫,传奇,1,1.0,780,90,750
3,风暴女巫,传奇,2,1.069,834,96,802
3,风暴女巫,传奇,3,1.138,888,102,854
3,风暴女巫,传奇,4,1.207,941,109,905
3,风暴女巫,传奇,5,1.276,995,115,957
3,风暴女巫,传奇,6,1.345,1049,121,1009
3,风暴女巫,传奇,7,1.414,1103,127,1060
3,风暴女巫,传奇,8,1.483,1157,133,1112
3,风暴女巫,传奇,9,1.552,1210,140,1164
3,风暴女巫,传奇,10,1.621,1264,146,1215
3,风暴女巫,传奇,11,1.69,1318,152,1267
3,风暴女巫,传奇,12,1.759,1372,158,1319
3,风暴女巫,传奇,13,1.828,1426,164,1371
3,风暴女巫,传奇,14,1.897,1479,171,1422
3,风暴女巫,传奇,15,1.966,1533,177,1474
3,风暴女巫,传奇,16,2.034,1587,183,1526
3,风暴女巫,传奇,17,2.103,1641,189,1578
3,风暴女巫,传奇,18,2.172,1694,196,1629
3,风暴女巫,传奇,19,2.241,1748,202,1681
3,风暴女巫,传奇,20,2.31,1802,208,1733
3,风暴女巫,传奇,21,2.379,1856,214,1785
3,风暴女巫,传奇,22,2.448,1910,220,1836
3,风暴女巫,传奇,23,2.517,1963,227,1888
3,风暴女巫,传奇,24,2.586,2017,233,1940
3,风暴女巫,传奇,25,2.655,2071,239,1991
3,风暴女巫,传奇,26,2.724,2125,245,2043
3,风暴女巫,传奇,27,2.793,2179,251,2095
3,风暴女巫,传奇,28,2.862,2232,258,2146
3,风暴女巫,传奇,29,2.931,2286,264,2198
3,风暴女巫,传奇,30,3.0,2340,270,2250
4,荆棘女王,传奇,1,1.0,388,139,699
4,荆棘女王,传奇,2,1.069,415,149,748
4,荆棘女王,传奇,3,1.138,442,158,796
4,荆棘女王,传奇,4,1.207,468,168,844
4,荆棘女王,传奇,5,1.276,495,177,892
4,荆棘女王,传奇,6,1.345,522,187,941
4,荆棘女王,传奇,7,1.414,549,197,989
4,荆棘女王,传奇,8,1.483,575,206,1037
4,荆棘女王,传奇,9,1.552,602,216,1085
4,荆棘女王,传奇,10,1.621,629,225,1134
4,荆棘女王,传奇,11,1.69,656,235,1182
4,荆棘女王,传奇,12,1.759,682,244,1230
4,荆棘女王,传奇,13,1.828,709,254,1278
4,荆棘女王,传奇,14,1.897,736,264,1327
4,荆棘女王,传奇,15,1.966,763,273,1375
4,荆棘女王,传奇,16,2.034,789,283,1423
4,荆棘女王,传奇,17,2.103,816,292,1471
4,荆棘女王,传奇,18,2.172,843,302,1520
4,荆棘女王,传奇,19,2.241,870,312,1568
4,荆棘女王,传奇,20,2.31,896,321,1616
4,荆棘女王,传奇,21,2.379,923,331,1664
4,荆棘女王,传奇,22,2.448,950,340,1712
4,荆棘女王,传奇,23,2.517,977,350,1761
4,荆棘女王,传奇,24,2.586,1003,359,1809
4,荆棘女王,传奇,25,2.655,1030,369,1857
4,荆棘女王,传奇,26,2.724,1057,379,1905
4,荆棘女王,传奇,27,2.793,1084,388,1954
4,荆棘女王,传奇,28,2.862,1110,398,2002
4,荆棘女王,传奇,29,2.931,1137,407,2050
4,荆棘女王,传奇,30,3.0,1164,417,2098
5,圣盾领主,传奇,1,1.0,821,78,722
5,圣盾领主,传奇,2,1.069,878,83,773
5,圣盾领主,传奇,3,1.138,934,89,822
5,圣盾领主,传奇,4,1.207,991,94,872
5,圣盾领主,传奇,5,1.276,1047,100,922
5,圣盾领主,传奇,6,1.345,1104,105,972
5,圣盾领主,传奇,7,1.414,1161,110,1022
5,圣盾领主,传奇,8,1.483,1217,116,1071
5,圣盾领主,传奇,9,1.552,1274,121,1121
5,圣盾领主,传奇,10,1.621,1331,126,1171
5,圣盾领主,传奇,11,1.69,1387,132,1221
5,圣盾领主,传奇,12,1.759,1444,137,1271
5,圣盾领主,传奇,13,1.828,1500,143,1320
5,圣盾领主,传奇,14,1.897,1557,148,1370
5,圣盾领主,传奇,15,1.966,1614,153,1420
5,圣盾领主,传奇,16,2.034,1670,159,1470
5,圣盾领主,传奇,17,2.103,1727,164,1520
5,圣盾领主,传奇,18,2.172,1784,169,1570
5,圣盾领主,传奇,19,2.241,1840,175,1619
5,圣盾领主,传奇,20,2.31,1897,180,1669
5,圣盾领主,传奇,21,2.379,1953,186,1719
5,圣盾领主,传奇,22,2.448,2010,191,1769
5,圣盾领主,传奇,23,2.517,2067,196,1819
5,圣盾领主,传奇,24,2.586,2123,202,1868
5,圣盾领主,传奇,25,2.655,2180,207,1918
5,圣盾领主,传奇,26,2.724,2237,212,1968
5,圣盾领主,传奇,27,2.793,2293,218,2018
5,圣盾领主,传奇,28,2.862,2350,223,2068
5,圣盾领主,传奇,29,2.931,2406,229,2117
5,圣盾领主,传奇,30,3.0,2463,234,2168
6,北境守护者,传奇,1,1.0,906,87,702
6,北境守护者,传奇,2,1.069,968,93,750
6,北境守护者,传奇,3,1.138,1031,99,798
6,北境守护者,传奇,4,1.207,1093,105,846
6,北境守护者,传奇,5,1.276,1156,111,895
6,北境守护者,传奇,6,1.345,1218,117,943
6,北境守护者,传奇,7,1.414,1281,123,992
6,北境守护者,传奇,8,1.483,1343,129,1040
6,北境守护者,传奇,9,1.552,1406,135,1089
6,北境守护者,传奇,10,1.621,1468,141,1137
6,北境守护者,传奇,11,1.69,1531,147,1186
6,北境守护者,传奇,12,1.759,1593,153,1234
6,北境守护者,传奇,13,1.828,1656,159,1282
6,北境守护者,传奇,14,1.897,1718,165,1330
6,北境守护者,传奇,15,1.966,1781,171,1379
6,北境守护者,传奇,16,2.034,1843,177,1427
6,北境守护者,传奇,17,2.103,1906,183,1476
6,北境守护者,传奇,18,2.172,1968,189,1524
6,北境守护者,传奇,19,2.241,2031,195,1573
6,北境守护者,传奇,20,2.31,2093,201,1621
6,北境守护者,传奇,21,2.379,2156,207,1669
6,北境守护者,传奇,22,2.448,2218,213,1718
6,北境守护者,传奇,23,2.517,2281,219,1766
6,北境守护者,传奇,24,2.586,2343,225,1814
6,北境守护者,传奇,25,2.655,2406,231,1863
6,北境守护者,传奇,26,2.724,2468,237,1911
6,北境守护者,传奇,27,2.793,2531,243,1960
6,北境守护者,传奇,28,2.862,2593,249,2008
6,北境守护者,传奇,29,2.931,2656,255,2057
6,北境守护者,传奇,30,3.0,2718,261,2105
7,幽灵船长,传奇,1,1.0,882,70,721
7,幽灵船长,传奇,2,1.069,943,75,771
7,幽灵船长,传奇,3,1.138,1004,80,821
7,幽灵船长,传奇,4,1.207,1064,84,870
7,幽灵船长,传奇,5,1.276,1125,89,920
7,幽灵船长,传奇,6,1.345,1186,94,970
7,幽灵船长,传奇,7,1.414,1247,99,1019
7,幽灵船长,传奇,8,1.483,1308,104,1069
7,幽灵船长,传奇,9,1.552,1369,109,1119
7,幽灵船长,传奇,10,1.621,1429,113,1168
7,幽灵船长,传奇,11,1.69,1490,118,1218
7,幽灵船长,传奇,12,1.759,1551,123,1268
7,幽灵船长,传奇,13,1.828,1612,128,1318
7,幽灵船长,传奇,14,1.897,1673,133,1368
7,幽灵船长,传奇,15,1.966,1734,138,1417
7,幽灵船长,传奇,16,2.034,1794,142,1467
7,幽灵船长,传奇,17,2.103,1855,147,1516
7,幽灵船长,传奇,18,2.172,1916,152,1566
7,幽灵船长,传奇,19,2.241,1977,157,1616
7,幽灵船长,传奇,20,2.31,2038,162,1666
7,幽灵船长,传奇,21,2.379,2099,167,1716
7,幽灵船长,传奇,22,2.448,2159,171,1765
7,幽灵船长,传奇,23,2.517,2220,176,1815
7,幽灵船长,传奇,24,2.586,2281,181,1865
7,幽灵船长,传奇,25,2.655,2342,186,1914
7,幽灵船长,传奇,26,2.724,2403,191,1964
7,幽灵船长,传奇,27,2.793,2464,196,2014
7,幽灵船长,传奇,28,2.862,2524,200,2063
7,幽灵船长,传奇,29,2.931,2585,205,2113
7,幽灵船长,传奇,30,3.0,2646,210,2163
8,幻影刺客,传奇,1,1.0,972,152,1201
8,幻影刺客,传奇,2,1.069,1039,162,1284
8,幻影刺客,传奇,3,1.138,1106,173,1367
8,幻影刺客,传奇,4,1.207,1173,183,1450
8,幻影刺客,传奇,5,1.276,1240,194,1533
8,幻影刺客,传奇,6,1.345,1307,204,1615
8,幻影刺客,传奇,7,1.414,1374,215,1698
8,幻影刺客,传奇,8,1.483,1441,225,1781
8,幻影刺客,传奇,9,1.552,1508,236,1864
8,幻影刺客,传奇,10,1.621,1575,246,1947
8,幻影刺客,传奇,11,1.69,1642,257,2030
8,幻影刺客,传奇,12,1.759,1709,267,2112
8,幻影刺客,传奇,13,1.828,1776,278,2195
8,幻影刺客,传奇,14,1.897,1843,288,2278
8,幻影刺客,传奇,15,1.966,1910,299,2361
8,幻影刺客,传奇,16,2.034,1978,309,2444
8,幻影刺客,传奇,17,2.103,2045,320,2527
8,幻影刺客,传奇,18,2.172,2112,330,2610
8,幻影刺客,传奇,19,2.241,2179,341,2693
8,幻影刺客,传奇,20,2.31,2246,351,2776
8,幻影刺客,传奇,21,2.379,2313,362,2858
8,幻影刺客,传奇,22,2.448,2380,372,2941
8,幻影刺客,传奇,23,2.517,2447,383,3024
8,幻影刺客,传奇,24,2.586,2514,393,3107
8,幻影刺客,传奇,25,2.655,2581,404,3190
8,幻影刺客,传奇,26,2.724,2648,414,3273
8,幻影刺客,传奇,27,2.793,2715,425,3355
8,幻影刺客,传奇,28,2.862,2782,435,3438
8,幻影刺客,传奇,29,2.931,2849,446,3521
8,幻影刺客,传奇,30,3.0,2916,456,3604
9,寒冰巨魔,传奇,1,1.0,1052,72,814
9,寒冰巨魔,传奇,2,1.069,1125,77,870
9,寒冰巨魔,传奇,3,1.138,1197,82,926
9,寒冰巨魔,传奇,4,1.207,1270,87,983
9,寒冰巨魔,传奇,5,1.276,1342,92,1038
9,寒冰巨魔,传奇,6,1.345,1415,97,1095
9,寒冰巨魔,传奇,7,1.414,1487,102,1151
9,寒冰巨魔,传奇,8,1.483,1560,107,1207
9,寒冰巨魔,传奇,9,1.552,1632,112,1263
9,寒冰巨魔,传奇,10,1.621,1705,117,1319
9,寒冰巨魔,传奇,11,1.69,1778,122,1376
9,寒冰巨魔,传奇,12,1.759,1850,127,1431
9,寒冰巨魔,传奇,13,1.828,1923,132,1488
9,寒冰巨魔,传奇,14,1.897,1995,137,1544
9,寒冰巨魔,传奇,15,1.966,2068,142,1600
9,寒冰巨魔,传奇,16,2.034,2140,146,1656
9,寒冰巨魔,传奇,17,2.103,2213,151,1712
9,寒冰巨魔,传奇,18,2.172,2285,156,1768
9,寒冰巨魔,传奇,19,2.241,2358,161,1825
9,寒冰巨魔,传奇,20,2.31,2430,166,1880
9,寒冰巨魔,传奇,21,2.379,2503,171,1937
9,寒冰巨魔,传奇,22,2.448,2576,176,1993
9,寒冰巨魔,传奇,23,2.517,2648,181,2049
9,寒冰巨魔,传奇,24,2.586,2721,186,2105
9,寒冰巨魔,传奇,25,2.655,2793,191,2161
9,寒冰巨魔,传奇,26,2.724,2866,196,2218
9,寒冰巨魔,传奇,27,2.793,2938,201,2273
9,寒冰巨魔,传奇,28,2.862,3011,206,2330
9,寒冰巨魔,传奇,29,2.931,3083,211,2386
9,寒冰巨魔,传奇,30,3.0,3156,216,2442
10,重装破城者,传奇,1,1.0,1222,172,1299
10,重装破城者,传奇,2,1.069,1306,184,1388
10,重装破城者,传奇,3,1.138,1391,196,1478
10,重装破城者,传奇,4,1.207,1475,208,1568
10,重装破城者,传奇,5,1.276,1559,219,1657
10,重装破城者,传奇,6,1.345,1643,231,1747
10,重装破城者,传奇,7,1.414,1728,243,1837
10,重装破城者,传奇,8,1.483,1812,255,1926
10,重装破城者,传奇,9,1.552,1896,267,2016
10,重装破城者,传奇,10,1.621,1980,279,2105
10,重装破城者,传奇,11,1.69,2065,291,2195
10,重装破城者,传奇,12,1.759,2149,302,2284
10,重装破城者,传奇,13,1.828,2233,314,2374
10,重装破城者,传奇,14,1.897,2318,326,2464
10,重装破城者,传奇,15,1.966,2402,338,2553
10,重装破城者,传奇,16,2.034,2486,350,2643
10,重装破城者,传奇,17,2.103,2570,362,2732
10,重装破城者,传奇,18,2.172,2655,374,2822
10,重装破城者,传奇,19,2.241,2739,386,2912
10,重装破城者,传奇,20,2.31,2823,397,3001
10,重装破城者,传奇,21,2.379,2908,409,3091
10,重装破城者,传奇,22,2.448,2992,421,3180
10,重装破城者,传奇,23,2.517,3076,433,3270
10,重装破城者,传奇,24,2.586,3160,445,3359
10,重装破城者,传奇,25,2.655,3245,457,3449
10,重装破城者,传奇,26,2.724,3329,469,3539
10,重装破城者,传奇,27,2.793,3413,480,3628
10,重装破城者,传奇,28,2.862,3497,492,3718
10,重装破城者,传奇,29,2.931,3582,504,3808
10,重装破城者,传奇,30,3.0,3666,516,3897
11,机械飞鹰,传奇,1,1.0,756,113,701
11,机械飞鹰,传奇,2,1.069,808,121,749
11,机械飞鹰,传奇,3,1.138,860,129,797
11,机械飞鹰,传奇,4,1.207,912,136,846
11,机械飞鹰,传奇,5,1.276,965,144,894
11,机械飞鹰,传奇,6,1.345,1017,152,943
11,机械飞鹰,传奇,7,1.414,1069,160,991
11,机械飞鹰,传奇,8,1.483,1121,168,1039
11,机械飞鹰,传奇,9,1.552,1173,175,1087
11,机械飞鹰,传奇,10,1.621,1225,183,1136
11,机械飞鹰,传奇,11,1.69,1277,191,1184
11,机械飞鹰,传奇,12,1.759,1330,199,1233
11,机械飞鹰,传奇,13,1.828,1382,207,1281
11,机械飞鹰,传奇,14,1.897,1434,214,1329
11,机械飞鹰,传奇,15,1.966,1486,222,1378
11,机械飞鹰,传奇,16,2.034,1538,230,1426
11,机械飞鹰,传奇,17,2.103,1590,238,1474
11,机械飞鹰,传奇,18,2.172,1642,245,1522
11,机械飞鹰,传奇,19,2.241,1694,253,1571
11,机械飞鹰,传奇,20,2.31,1747,261,1619
11,机械飞鹰,传奇,21,2.379,1799,269,1668
11,机械飞鹰,传奇,22,2.448,1851,277,1716
11,机械飞鹰,传奇,23,2.517,1903,284,1764
11,机械飞鹰,传奇,24,2.586,1955,292,1812
11,机械飞鹰,传奇,25,2.655,2007,300,1861
11,机械飞鹰,传奇,26,2.724,2059,308,1909
11,机械飞鹰,传奇,27,2.793,2112,316,1958
11,机械飞鹰,传奇,28,2.862,2164,323,2006
11,机械飞鹰,传奇,29,2.931,2216,331,2054
11,机械飞鹰,传奇,30,3.0,2268,339,2103
12,巨斧酋长,传奇,1,1.0,905,92,787
12,巨斧酋长,传奇,2,1.069,967,98,841
12,巨斧酋长,传奇,3,1.138,1030,105,896
12,巨斧酋长,传奇,4,1.207,1092,111,950
12,巨斧酋长,传奇,5,1.276,1155,117,1004
12,巨斧酋长,传奇,6,1.345,1217,124,1058
12,巨斧酋长,传奇,7,1.414,1279,130,1112
12,巨斧酋长,传奇,8,1.483,1342,136,1167
12,巨斧酋长,传奇,9,1.552,1404,143,1221
12,巨斧酋长,传奇,10,1.621,1467,149,1276
12,巨斧酋长,传奇,11,1.69,1529,155,1330
12,巨斧酋长,传奇,12,1.759,1592,162,1384
12,巨斧酋长,传奇,13,1.828,1654,168,1438
12,巨斧酋长,传奇,14,1.897,1716,174,1492
12,巨斧酋长,传奇,15,1.966,1779,181,1547
12,巨斧酋长,传奇,16,2.034,1841,187,1601
12,巨斧酋长,传奇,17,2.103,1904,194,1656
12,巨斧酋长,传奇,18,2.172,1966,200,1710
12,巨斧酋长,传奇,19,2.241,2028,206,1764
12,巨斧酋长,传奇,20,2.31,2091,213,1818
12,巨斧酋长,传奇,21,2.379,2153,219,1872
12,巨斧酋长,传奇,22,2.448,2216,225,1927
12,巨斧酋长,传奇,23,2.517,2278,232,1981
12,巨斧酋长,传奇,24,2.586,2341,238,2036
12,巨斧酋长,传奇,25,2.655,2403,244,2090
12,巨斧酋长,传奇,26,2.724,2465,251,2144
12,巨斧酋长,传奇,27,2.793,2528,257,2198
12,巨斧酋长,传奇,28,2.862,2590,263,2252
12,巨斧酋长,传奇,29,2.931,2653,270,2307
12,巨斧酋长,传奇,30,3.0,2715,276,2361
13,双头奇美拉,传奇,1,1.0,1010,125,940
13,双头奇美拉,传奇,2,1.069,1080,134,1005
13,双头奇美拉,传奇,3,1.138,1149,142,1069
13,双头奇美拉,传奇,4,1.207,1219,151,1134
13,双头奇美拉,传奇,5,1.276,1289,159,1199
13,双头奇美拉,传奇,6,1.345,1358,168,1264
13,双头奇美拉,传奇,7,1.414,1428,177,1329
13,双头奇美拉,传奇,8,1.483,1498,185,1394
13,双头奇美拉,传奇,9,1.552,1567,194,1458
13,双头奇美拉,传奇,10,1.621,1637,203,1523
13,双头奇美拉,传奇,11,1.69,1707,211,1588
13,双头奇美拉,传奇,12,1.759,1776,220,1653
13,双头奇美拉,传奇,13,1.828,1846,228,1718
13,双头奇美拉,传奇,14,1.897,1916,237,1783
13,双头奇美拉,传奇,15,1.966,1985,246,1847
13,双头奇美拉,传奇,16,2.034,2055,254,1912
13,双头奇美拉,传奇,17,2.103,2124,263,1977
13,双头奇美拉,传奇,18,2.172,2194,272,2042
13,双头奇美拉,传奇,19,2.241,2264,280,2107
13,双头奇美拉,传奇,20,2.31,2333,289,2171
13,双头奇美拉,传奇,21,2.379,2403,297,2236
13,双头奇美拉,传奇,22,2.448,2473,306,2301
13,双头奇美拉,传奇,23,2.517,2542,315,2365
13,双头奇美拉,传奇,24,2.586,2612,323,2430
13,双头奇美拉,传奇,25,2.655,2682,332,2495
13,双头奇美拉,传奇,26,2.724,2751,341,2560
13,双头奇美拉,传奇,27,2.793,2821,349,2625
13,双头奇美拉,传奇,28,2.862,2891,358,2690
13,双头奇美拉,传奇,29,2.931,2960,366,2754
13,双头奇美拉,传奇,30,3.0,3030,375,2819
14,爆破鬼才,传奇,1,1.0,972,165,1014
14,爆破鬼才,传奇,2,1.069,1039,176,1084
14,爆破鬼才,传奇,3,1.138,1106,188,1154
14,爆破鬼才,传奇,4,1.207,1173,199,1224
14,爆破鬼才,传奇,5,1.276,1240,211,1294
14,爆破鬼才,传奇,6,1.345,1307,222,1364
14,爆破鬼才,传奇,7,1.414,1374,233,1433
14,爆破鬼才,传奇,8,1.483,1441,245,1503
14,爆破鬼才,传奇,9,1.552,1508,256,1573
14,爆破鬼才,传奇,10,1.621,1575,267,1643
14,爆破鬼才,传奇,11,1.69,1642,279,1713
14,爆破鬼才,传奇,12,1.759,1709,290,1783
14,爆破鬼才,传奇,13,1.828,1776,302,1853
14,爆破鬼才,传奇,14,1.897,1843,313,1923
14,爆破鬼才,传奇,15,1.966,1910,324,1993
14,爆破鬼才,传奇,16,2.034,1978,336,2063
14,爆破鬼才,传奇,17,2.103,2045,347,2133
14,爆破鬼才,传奇,18,2.172,2112,358,2203
14,爆破鬼才,传奇,19,2.241,2179,370,2273
14,爆破鬼才,传奇,20,2.31,2246,381,2343
14,爆破鬼才,传奇,21,2.379,2313,393,2413
14,爆破鬼才,传奇,22,2.448,2380,404,2483
14,爆破鬼才,传奇,23,2.517,2447,415,2553
14,爆破鬼才,传奇,24,2.586,2514,427,2623
14,爆破鬼才,传奇,25,2.655,2581,438,2692
14,爆破鬼才,传奇,26,2.724,2648,449,2762
14,爆破鬼才,传奇,27,2.793,2715,461,2832
14,爆破鬼才,传奇,28,2.862,2782,472,2902
14,爆破鬼才,传奇,29,2.931,2849,484,2972
14,爆破鬼才,传奇,30,3.0,2916,495,3042
15,藤蔓萨满,史诗,1,1.0,133,92,401
15,藤蔓萨满,史诗,2,1.06,141,98,425
15,藤蔓萨满,史诗,3,1.12,149,103,449
15,藤蔓萨满,史诗,4,1.18,157,109,473
15,藤蔓萨满,史诗,5,1.24,165,114,497
15,藤蔓萨满,史诗,6,1.3,173,120,521
15,藤蔓萨满,史诗,7,1.36,181,125,545
15,藤蔓萨满,史诗,8,1.42,189,131,570
15,藤蔓萨满,史诗,9,1.48,197,136,594
15,藤蔓萨满,史诗,10,1.54,205,142,618
15,藤蔓萨满,史诗,11,1.6,213,147,642
15,藤蔓萨满,史诗,12,1.66,221,153,666
15,藤蔓萨满,史诗,13,1.72,229,158,690
15,藤蔓萨满,史诗,14,1.78,237,164,714
15,藤蔓萨满,史诗,15,1.84,245,169,738
15,藤蔓萨满,史诗,16,1.9,253,175,762
15,藤蔓萨满,史诗,17,1.96,261,180,786
15,藤蔓萨满,史诗,18,2.02,269,186,810
15,藤蔓萨满,史诗,19,2.08,277,191,834
15,藤蔓萨满,史诗,20,2.14,285,197,858
15,藤蔓萨满,史诗,21,2.2,293,202,882
15,藤蔓萨满,史诗,22,2.26,301,208,907
15,藤蔓萨满,史诗,23,2.32,309,213,931
15,藤蔓萨满,史诗,24,2.38,317,219,955
15,藤蔓萨满,史诗,25,2.44,325,224,979
15,藤蔓萨满,史诗,26,2.5,332,230,1002
15,藤蔓萨满,史诗,27,2.56,340,236,1026
15,藤蔓萨满,史诗,28,2.62,348,241,1051
15,藤蔓萨满,史诗,29,2.68,356,247,1075
15,藤蔓萨满,史诗,30,2.74,364,252,1099
16,鹰女,史诗,1,1.0,310,59,470
16,鹰女,史诗,2,1.06,329,63,498
16,鹰女,史诗,3,1.12,347,66,526
16,鹰女,史诗,4,1.18,366,70,554
16,鹰女,史诗,5,1.24,384,73,582
16,鹰女,史诗,6,1.3,403,77,611
16,鹰女,史诗,7,1.36,422,80,639
16,鹰女,史诗,8,1.42,440,84,667
16,鹰女,史诗,9,1.48,459,87,695
16,鹰女,史诗,10,1.54,477,91,723
16,鹰女,史诗,11,1.6,496,94,751
16,鹰女,史诗,12,1.66,515,98,780
16,鹰女,史诗,13,1.72,533,101,808
16,鹰女,史诗,14,1.78,552,105,836
16,鹰女,史诗,15,1.84,570,109,864
16,鹰女,史诗,16,1.9,589,112,892
16,鹰女,史诗,17,1.96,608,116,921
16,鹰女,史诗,18,2.02,626,119,949
16,鹰女,史诗,19,2.08,645,123,977
16,鹰女,史诗,20,2.14,663,126,1005
16,鹰女,史诗,21,2.2,682,130,1033
16,鹰女,史诗,22,2.26,701,133,1062
16,鹰女,史诗,23,2.32,719,137,1090
16,鹰女,史诗,24,2.38,738,140,1118
16,鹰女,史诗,25,2.44,756,144,1146
16,鹰女,史诗,26,2.5,775,148,1174
16,鹰女,史诗,27,2.56,794,151,1203
16,鹰女,史诗,28,2.62,812,155,1230
16,鹰女,史诗,29,2.68,831,158,1259
16,鹰女,史诗,30,2.74,849,162,1287
17,巨石魔像,史诗,1,1.0,410,65,552
17,巨石魔像,史诗,2,1.06,435,69,585
17,巨石魔像,史诗,3,1.12,459,73,618
17,巨石魔像,史诗,4,1.18,484,77,651
17,巨石魔像,史诗,5,1.24,508,81,684
17,巨石魔像,史诗,6,1.3,533,84,717
17,巨石魔像,史诗,7,1.36,558,88,750
17,巨石魔像,史诗,8,1.42,582,92,783
17,巨石魔像,史诗,9,1.48,607,96,817
17,巨石魔像,史诗,10,1.54,631,100,849
17,巨石魔像,史诗,11,1.6,656,104,883
17,巨石魔像,史诗,12,1.66,681,108,916
17,巨石魔像,史诗,13,1.72,705,112,949
17,巨石魔像,史诗,14,1.78,730,116,982
17,巨石魔像,史诗,15,1.84,754,120,1015
17,巨石魔像,史诗,16,1.9,779,124,1048
17,巨石魔像,史诗,17,1.96,804,127,1081
17,巨石魔像,史诗,18,2.02,828,131,1114
17,巨石魔像,史诗,19,2.08,853,135,1148
17,巨石魔像,史诗,20,2.14,877,139,1180
17,巨石魔像,史诗,21,2.2,902,143,1214
17,巨石魔像,史诗,22,2.26,927,147,1247
17,巨石魔像,史诗,23,2.32,951,151,1280
17,巨石魔像,史诗,24,2.38,976,155,1313
17,巨石魔像,史诗,25,2.44,1000,159,1346
17,巨石魔像,史诗,26,2.5,1025,162,1379
17,巨石魔像,史诗,27,2.56,1050,166,1412
17,巨石魔像,史诗,28,2.62,1074,170,1445
17,巨石魔像,史诗,29,2.68,1099,174,1479
17,巨石魔像,史诗,30,2.74,1123,178,1511
18,雇佣兵,史诗,1,1.0,128,67,399
18,雇佣兵,史诗,2,1.06,136,71,423
18,雇佣兵,史诗,3,1.12,143,75,447
18,雇佣兵,史诗,4,1.18,151,79,471
18,雇佣兵,史诗,5,1.24,159,83,495
18,雇佣兵,史诗,6,1.3,166,87,518
18,雇佣兵,史诗,7,1.36,174,91,543
18,雇佣兵,史诗,8,1.42,182,95,567
18,雇佣兵,史诗,9,1.48,189,99,590
18,雇佣兵,史诗,10,1.54,197,103,614
18,雇佣兵,史诗,11,1.6,205,107,638
18,雇佣兵,史诗,12,1.66,212,111,662
18,雇佣兵,史诗,13,1.72,220,115,686
18,雇佣兵,史诗,14,1.78,228,119,710
18,雇佣兵,史诗,15,1.84,236,123,734
18,雇佣兵,史诗,16,1.9,243,127,758
18,雇佣兵,史诗,17,1.96,251,131,782
18,雇佣兵,史诗,18,2.02,259,135,806
18,雇佣兵,史诗,19,2.08,266,139,830
18,雇佣兵,史诗,20,2.14,274,143,854
18,雇佣兵,史诗,21,2.2,282,147,878
18,雇佣兵,史诗,22,2.26,289,151,902
18,雇佣兵,史诗,23,2.32,297,155,926
18,雇佣兵,史诗,24,2.38,305,159,950
18,雇佣兵,史诗,25,2.44,312,163,973
18,雇佣兵,史诗,26,2.5,320,168,998
18,雇佣兵,史诗,27,2.56,328,172,1022
18,雇佣兵,史诗,28,2.62,335,176,1045
18,雇佣兵,史诗,29,2.68,343,180,1069
18,雇佣兵,史诗,30,2.74,351,184,1093
19,炮楼,史诗,1,1.0,215,105,458
19,炮楼,史诗,2,1.06,228,111,485
19,炮楼,史诗,3,1.12,241,118,512
19,炮楼,史诗,4,1.18,254,124,540
19,炮楼,史诗,5,1.24,267,130,568
19,炮楼,史诗,6,1.3,280,136,595
19,炮楼,史诗,7,1.36,292,143,622
19,炮楼,史诗,8,1.42,305,149,650
19,炮楼,史诗,9,1.48,318,155,677
19,炮楼,史诗,10,1.54,331,162,705
19,炮楼,史诗,11,1.6,344,168,732
19,炮楼,史诗,12,1.66,357,174,760
19,炮楼,史诗,13,1.72,370,181,787
19,炮楼,史诗,14,1.78,383,187,814
19,炮楼,史诗,15,1.84,396,193,842
19,炮楼,史诗,16,1.9,408,200,869
19,炮楼,史诗,17,1.96,421,206,896
19,炮楼,史诗,18,2.02,434,212,924
19,炮楼,史诗,19,2.08,447,218,952
19,炮楼,史诗,20,2.14,460,225,979
19,炮楼,史诗,21,2.2,473,231,1007
19,炮楼,史诗,22,2.26,486,237,1034
19,炮楼,史诗,23,2.32,499,244,1062
19,炮楼,史诗,24,2.38,512,250,1089
19,炮楼,史诗,25,2.44,525,256,1117
19,炮楼,史诗,26,2.5,538,262,1144
19,炮楼,史诗,27,2.56,550,269,1171
19,炮楼,史诗,28,2.62,563,275,1198
19,炮楼,史诗,29,2.68,576,281,1226
19,炮楼,史诗,30,2.74,589,288,1254
20,巨石车,史诗,1,1.0,387,158,699
20,巨石车,史诗,2,1.06,410,167,741
20,巨石车,史诗,3,1.12,433,177,783
20,巨石车,史诗,4,1.18,457,186,825
20,巨石车,史诗,5,1.24,480,196,867
20,巨石车,史诗,6,1.3,503,205,909
20,巨石车,史诗,7,1.36,526,215,951
20,巨石车,史诗,8,1.42,550,224,993
20,巨石车,史诗,9,1.48,573,234,1035
20,巨石车,史诗,10,1.54,596,243,1077
20,巨石车,史诗,11,1.6,619,253,1118
20,巨石车,史诗,12,1.66,642,262,1160
20,巨石车,史诗,13,1.72,666,272,1203
20,巨石车,史诗,14,1.78,689,281,1244
20,巨石车,史诗,15,1.84,712,291,1286
20,巨石车,史诗,16,1.9,735,300,1328
20,巨石车,史诗,17,1.96,759,310,1370
20,巨石车,史诗,18,2.02,782,319,1412
20,巨石车,史诗,19,2.08,805,329,1454
20,巨石车,史诗,20,2.14,828,338,1496
20,巨石车,史诗,21,2.2,851,348,1538
20,巨石车,史诗,22,2.26,875,357,1580
20,巨石车,史诗,23,2.32,898,367,1622
20,巨石车,史诗,24,2.38,921,376,1664
20,巨石车,史诗,25,2.44,944,386,1706
20,巨石车,史诗,26,2.5,968,395,1748
20,巨石车,史诗,27,2.56,991,404,1790
20,巨石车,史诗,28,2.62,1014,414,1832
20,巨石车,史诗,29,2.68,1037,423,1874
20,巨石车,史诗,30,2.74,1060,433,1915
21,骑士,史诗,1,1.0,368,67,398
21,骑士,史诗,2,1.06,390,71,422
21,骑士,史诗,3,1.12,412,75,446
21,骑士,史诗,4,1.18,434,79,470
21,骑士,史诗,5,1.24,456,83,494
21,骑士,史诗,6,1.3,478,87,518
21,骑士,史诗,7,1.36,500,91,542
21,骑士,史诗,8,1.42,523,95,566
21,骑士,史诗,9,1.48,545,99,590
21,骑士,史诗,10,1.54,567,103,614
21,骑士,史诗,11,1.6,589,107,638
21,骑士,史诗,12,1.66,611,111,661
21,骑士,史诗,13,1.72,633,115,685
21,骑士,史诗,14,1.78,655,119,709
21,骑士,史诗,15,1.84,677,123,733
21,骑士,史诗,16,1.9,699,127,757
21,骑士,史诗,17,1.96,721,131,781
21,骑士,史诗,18,2.02,743,135,805
21,骑士,史诗,19,2.08,765,139,828
21,骑士,史诗,20,2.14,788,143,853
21,骑士,史诗,21,2.2,810,147,877
21,骑士,史诗,22,2.26,832,151,901
21,骑士,史诗,23,2.32,854,155,924
21,骑士,史诗,24,2.38,876,159,948
21,骑士,史诗,25,2.44,898,163,972
21,骑士,史诗,26,2.5,920,168,996
21,骑士,史诗,27,2.56,942,172,1020
21,骑士,史诗,28,2.62,964,176,1044
21,骑士,史诗,29,2.68,986,180,1068
21,骑士,史诗,30,2.74,1008,184,1091
22,火龙,史诗,1,1.0,440,71,599
22,火龙,史诗,2,1.06,466,75,634
22,火龙,史诗,3,1.12,493,80,671
22,火龙,史诗,4,1.18,519,84,706
22,火龙,史诗,5,1.24,546,88,743
22,火龙,史诗,6,1.3,572,92,778
22,火龙,史诗,7,1.36,598,97,814
22,火龙,史诗,8,1.42,625,101,850
22,火龙,史诗,9,1.48,651,105,886
22,火龙,史诗,10,1.54,678,109,922
22,火龙,史诗,11,1.6,704,114,958
22,火龙,史诗,12,1.66,730,118,994
22,火龙,史诗,13,1.72,757,122,1030
22,火龙,史诗,14,1.78,783,126,1066
22,火龙,史诗,15,1.84,810,131,1102
22,火龙,史诗,16,1.9,836,135,1137
22,火龙,史诗,17,1.96,862,139,1173
22,火龙,史诗,18,2.02,889,143,1209
22,火龙,史诗,19,2.08,915,148,1245
22,火龙,史诗,20,2.14,942,152,1281
22,火龙,史诗,21,2.2,968,156,1317
22,火龙,史诗,22,2.26,994,160,1353
22,火龙,史诗,23,2.32,1021,165,1389
22,火龙,史诗,24,2.38,1047,169,1425
22,火龙,史诗,25,2.44,1074,173,1461
22,火龙,史诗,26,2.5,1100,178,1497
22,火龙,史诗,27,2.56,1126,182,1532
22,火龙,史诗,28,2.62,1153,186,1569
22,火龙,史诗,29,2.68,1179,190,1604
22,火龙,史诗,30,2.74,1206,195,1641
23,弩车,稀有,1,1.0,200,92,394
23,弩车,稀有,2,1.051,210,97,414
23,弩车,稀有,3,1.102,220,101,434
23,弩车,稀有,4,1.153,231,106,455
23,弩车,稀有,5,1.204,241,111,475
23,弩车,稀有,6,1.255,251,115,495
23,弩车,稀有,7,1.306,261,120,515
23,弩车,稀有,8,1.357,271,125,535
23,弩车,稀有,9,1.408,282,130,556
23,弩车,稀有,10,1.459,292,134,576
23,弩车,稀有,11,1.51,302,139,596
23,弩车,稀有,12,1.561,312,144,616
23,弩车,稀有,13,1.612,322,148,636
23,弩车,稀有,14,1.663,333,153,656
23,弩车,稀有,15,1.714,343,158,676
23,弩车,稀有,16,1.766,353,162,696
23,弩车,稀有,17,1.817,363,167,716
23,弩车,稀有,18,1.868,374,172,737
23,弩车,稀有,19,1.919,384,177,757
23,弩车,稀有,20,1.97,394,181,777
23,弩车,稀有,21,2.021,404,186,797
23,弩车,稀有,22,2.072,414,191,817
23,弩车,稀有,23,2.123,425,195,837
23,弩车,稀有,24,2.174,435,200,857
23,弩车,稀有,25,2.225,445,205,877
23,弩车,稀有,26,2.276,455,209,898
23,弩车,稀有,27,2.327,465,214,918
23,弩车,稀有,28,2.378,476,219,938
23,弩车,稀有,29,2.429,486,223,958
23,弩车,稀有,30,2.48,496,228,978
24,骷髅魔导师,稀有,1,1.0,205,34,284
24,骷髅魔导师,稀有,2,1.051,215,36,298
24,骷髅魔导师,稀有,3,1.102,226,37,313
24,骷髅魔导师,稀有,4,1.153,236,39,327
24,骷髅魔导师,稀有,5,1.204,247,41,342
24,骷髅魔导师,稀有,6,1.255,257,43,356
24,骷髅魔导师,稀有,7,1.306,268,44,371
24,骷髅魔导师,稀有,8,1.357,278,46,385
24,骷髅魔导师,稀有,9,1.408,289,48,400
24,骷髅魔导师,稀有,10,1.459,299,50,414
24,骷髅魔导师,稀有,11,1.51,310,51,429
24,骷髅魔导师,稀有,12,1.561,320,53,443
24,骷髅魔导师,稀有,13,1.612,331,55,458
24,骷髅魔导师,稀有,14,1.663,341,57,472
24,骷髅魔导师,稀有,15,1.714,351,58,486
24,骷髅魔导师,稀有,16,1.766,362,60,501
24,骷髅魔导师,稀有,17,1.817,372,62,515
24,骷髅魔导师,稀有,18,1.868,383,63,530
24,骷髅魔导师,稀有,19,1.919,393,65,544
24,骷髅魔导师,稀有,20,1.97,404,67,559
24,骷髅魔导师,稀有,21,2.021,414,69,573
24,骷髅魔导师,稀有,22,2.072,425,70,588
24,骷髅魔导师,稀有,23,2.123,435,72,602
24,骷髅魔导师,稀有,24,2.174,446,74,617
24,骷髅魔导师,稀有,25,2.225,456,76,631
24,骷髅魔导师,稀有,26,2.276,467,77,646
24,骷髅魔导师,稀有,27,2.327,477,79,660
24,骷髅魔导师,稀有,28,2.378,487,81,675
24,骷髅魔导师,稀有,29,2.429,498,83,689
24,骷髅魔导师,稀有,30,2.48,508,84,704
25,鱼叉捕猎者,稀有,1,1.0,163,42,250
25,鱼叉捕猎者,稀有,2,1.051,171,44,262
25,鱼叉捕猎者,稀有,3,1.102,180,46,275
25,鱼叉捕猎者,稀有,4,1.153,188,48,288
25,鱼叉捕猎者,稀有,5,1.204,196,51,300
25,鱼叉捕猎者,稀有,6,1.255,205,53,313
25,鱼叉捕猎者,稀有,7,1.306,213,55,326
25,鱼叉捕猎者,稀有,8,1.357,221,57,339
25,鱼叉捕猎者,稀有,9,1.408,230,59,352
25,鱼叉捕猎者,稀有,10,1.459,238,61,364
25,鱼叉捕猎者,稀有,11,1.51,246,63,377
25,鱼叉捕猎者,稀有,12,1.561,255,66,390
25,鱼叉捕猎者,稀有,13,1.612,263,68,402
25,鱼叉捕猎者,稀有,14,1.663,271,70,415
25,鱼叉捕猎者,稀有,15,1.714,279,72,428
25,鱼叉捕猎者,稀有,16,1.766,288,74,441
25,鱼叉捕猎者,稀有,17,1.817,296,76,453
25,鱼叉捕猎者,稀有,18,1.868,304,78,466
25,鱼叉捕猎者,稀有,19,1.919,313,81,479
25,鱼叉捕猎者,稀有,20,1.97,321,83,491
25,鱼叉捕猎者,稀有,21,2.021,329,85,504
25,鱼叉捕猎者,稀有,22,2.072,338,87,517
25,鱼叉捕猎者,稀有,23,2.123,346,89,530
25,鱼叉捕猎者,稀有,24,2.174,354,91,542
25,鱼叉捕猎者,稀有,25,2.225,363,93,555
25,鱼叉捕猎者,稀有,26,2.276,371,96,568
25,鱼叉捕猎者,稀有,27,2.327,379,98,580
25,鱼叉捕猎者,稀有,28,2.378,388,100,593
25,鱼叉捕猎者,稀有,29,2.429,396,102,606
25,鱼叉捕猎者,稀有,30,2.48,404,104,619
26,利爪猎犬,稀有,1,1.0,250,42,278
26,利爪猎犬,稀有,2,1.051,263,44,292
26,利爪猎犬,稀有,3,1.102,276,46,306
26,利爪猎犬,稀有,4,1.153,288,48,320
26,利爪猎犬,稀有,5,1.204,301,51,334
26,利爪猎犬,稀有,6,1.255,314,53,349
26,利爪猎犬,稀有,7,1.306,327,55,363
26,利爪猎犬,稀有,8,1.357,339,57,377
26,利爪猎犬,稀有,9,1.408,352,59,391
26,利爪猎犬,稀有,10,1.459,365,61,405
26,利爪猎犬,稀有,11,1.51,378,63,420
26,利爪猎犬,稀有,12,1.561,390,66,433
26,利爪猎犬,稀有,13,1.612,403,68,448
26,利爪猎犬,稀有,14,1.663,416,70,462
26,利爪猎犬,稀有,15,1.714,429,72,476
26,利爪猎犬,稀有,16,1.766,441,74,490
26,利爪猎犬,稀有,17,1.817,454,76,504
26,利爪猎犬,稀有,18,1.868,467,78,519
26,利爪猎犬,稀有,19,1.919,480,81,533
26,利爪猎犬,稀有,20,1.97,492,83,547
26,利爪猎犬,稀有,21,2.021,505,85,561
26,利爪猎犬,稀有,22,2.072,518,87,575
26,利爪猎犬,稀有,23,2.123,531,89,590
26,利爪猎犬,稀有,24,2.174,543,91,603
26,利爪猎犬,稀有,25,2.225,556,93,618
26,利爪猎犬,稀有,26,2.276,569,96,632
26,利爪猎犬,稀有,27,2.327,582,98,646
26,利爪猎犬,稀有,28,2.378,594,100,660
26,利爪猎犬,稀有,29,2.429,607,102,674
26,利爪猎犬,稀有,30,2.48,620,104,689
27,蝙蝠突袭者,稀有,1,1.0,135,40,281
27,蝙蝠突袭者,稀有,2,1.051,142,42,295
27,蝙蝠突袭者,稀有,3,1.102,149,44,310
27,蝙蝠突袭者,稀有,4,1.153,156,46,324
27,蝙蝠突袭者,稀有,5,1.204,163,48,338
27,蝙蝠突袭者,稀有,6,1.255,169,50,352
27,蝙蝠突袭者,稀有,7,1.306,176,52,367
27,蝙蝠突袭者,稀有,8,1.357,183,54,381
27,蝙蝠突袭者,稀有,9,1.408,190,56,395
27,蝙蝠突袭者,稀有,10,1.459,197,58,410
27,蝙蝠突袭者,稀有,11,1.51,204,60,424
27,蝙蝠突袭者,稀有,12,1.561,211,62,439
27,蝙蝠突袭者,稀有,13,1.612,218,64,453
27,蝙蝠突袭者,稀有,14,1.663,225,67,467
27,蝙蝠突袭者,稀有,15,1.714,231,69,481
27,蝙蝠突袭者,稀有,16,1.766,238,71,496
27,蝙蝠突袭者,稀有,17,1.817,245,73,510
27,蝙蝠突袭者,稀有,18,1.868,252,75,524
27,蝙蝠突袭者,稀有,19,1.919,259,77,539
27,蝙蝠突袭者,稀有,20,1.97,266,79,553
27,蝙蝠突袭者,稀有,21,2.021,273,81,568
27,蝙蝠突袭者,稀有,22,2.072,280,83,582
27,蝙蝠突袭者,稀有,23,2.123,287,85,596
27,蝙蝠突袭者,稀有,24,2.174,293,87,610
27,蝙蝠突袭者,稀有,25,2.225,300,89,625
27,蝙蝠突袭者,稀有,26,2.276,307,91,639
27,蝙蝠突袭者,稀有,27,2.327,314,93,653
27,蝙蝠突袭者,稀有,28,2.378,321,95,668
27,蝙蝠突袭者,稀有,29,2.429,328,97,682
27,蝙蝠突袭者,稀有,30,2.48,335,99,697
28,见习女巫,稀有,1,1.0,122,35,248
28,见习女巫,稀有,2,1.051,128,37,260
28,见习女巫,稀有,3,1.102,134,39,273
28,见习女巫,稀有,4,1.153,141,40,286
28,见习女巫,稀有,5,1.204,147,42,298
28,见习女巫,稀有,6,1.255,153,44,311
28,见习女巫,稀有,7,1.306,159,46,323
28,见习女巫,稀有,8,1.357,166,48,336
28,见习女巫,稀有,9,1.408,172,49,349
28,见习女巫,稀有,10,1.459,178,51,361
28,见习女巫,稀有,11,1.51,184,53,374
28,见习女巫,稀有,12,1.561,190,55,386
28,见习女巫,稀有,13,1.612,197,56,399
28,见习女巫,稀有,14,1.663,203,58,412
28,见习女巫,稀有,15,1.714,209,60,425
28,见习女巫,稀有,16,1.766,215,62,437
28,见习女巫,稀有,17,1.817,222,64,450
28,见习女巫,稀有,18,1.868,228,65,463
28,见习女巫,稀有,19,1.919,234,67,475
28,见习女巫,稀有,20,1.97,240,69,488
28,见习女巫,稀有,21,2.021,247,71,501
28,见习女巫,稀有,22,2.072,253,73,513
28,见习女巫,稀有,23,2.123,259,74,526
28,见习女巫,稀有,24,2.174,265,76,538
28,见习女巫,稀有,25,2.225,271,78,551
28,见习女巫,稀有,26,2.276,278,80,564
28,见习女巫,稀有,27,2.327,284,81,576
28,见习女巫,稀有,28,2.378,290,83,589
28,见习女巫,稀有,29,2.429,296,85,601
28,见习女巫,稀有,30,2.48,303,87,614
29,重步兵,稀有,1,1.0,260,30,290
29,重步兵,稀有,2,1.051,273,32,305
29,重步兵,稀有,3,1.102,287,33,320
29,重步兵,稀有,4,1.153,300,35,334
29,重步兵,稀有,5,1.204,313,36,349
29,重步兵,稀有,6,1.255,326,38,364
29,重步兵,稀有,7,1.306,340,39,379
29,重步兵,稀有,8,1.357,353,41,394
29,重步兵,稀有,9,1.408,366,42,408
29,重步兵,稀有,10,1.459,379,44,423
29,重步兵,稀有,11,1.51,393,45,438
29,重步兵,稀有,12,1.561,406,47,453
29,重步兵,稀有,13,1.612,419,48,467
29,重步兵,稀有,14,1.663,432,50,482
29,重步兵,稀有,15,1.714,446,51,497
29,重步兵,稀有,16,1.766,459,53,512
29,重步兵,稀有,17,1.817,472,54,527
29,重步兵,稀有,18,1.868,486,56,542
29,重步兵,稀有,19,1.919,499,58,556
29,重步兵,稀有,20,1.97,512,59,571
29,重步兵,稀有,21,2.021,525,61,586
29,重步兵,稀有,22,2.072,539,62,601
29,重步兵,稀有,23,2.123,552,64,616
29,重步兵,稀有,24,2.174,565,65,630
29,重步兵,稀有,25,2.225,578,67,645
29,重步兵,稀有,26,2.276,592,68,660
29,重步兵,稀有,27,2.327,605,70,675
29,重步兵,稀有,28,2.378,618,71,689
29,重步兵,稀有,29,2.429,632,73,705
29,重步兵,稀有,30,2.48,645,74,719
30,高射塔,稀有,1,1.0,273,59,451
30,高射塔,稀有,2,1.051,287,62,474
30,高射塔,稀有,3,1.102,301,65,497
30,高射塔,稀有,4,1.153,315,68,520
30,高射塔,稀有,5,1.204,329,71,543
30,高射塔,稀有,6,1.255,343,74,566
30,高射塔,稀有,7,1.306,357,77,590
30,高射塔,稀有,8,1.357,371,80,613
30,高射塔,稀有,9,1.408,384,83,635
30,高射塔,稀有,10,1.459,398,86,658
30,高射塔,稀有,11,1.51,412,89,681
30,高射塔,稀有,12,1.561,426,92,704
30,高射塔,稀有,13,1.612,440,95,727
30,高射塔,稀有,14,1.663,454,98,750
30,高射塔,稀有,15,1.714,468,101,773
30,高射塔,稀有,16,1.766,482,104,797
30,高射塔,稀有,17,1.817,496,107,820
30,高射塔,稀有,18,1.868,510,110,843
30,高射塔,稀有,19,1.919,524,113,866
30,高射塔,稀有,20,1.97,538,116,889
30,高射塔,稀有,21,2.021,552,119,912
30,高射塔,稀有,22,2.072,566,122,935
30,高射塔,稀有,23,2.123,580,125,958
30,高射塔,稀有,24,2.174,593,128,981
30,高射塔,稀有,25,2.225,607,131,1004
30,高射塔,稀有,26,2.276,621,134,1027
30,高射塔,稀有,27,2.327,635,137,1050
30,高射塔,稀有,28,2.378,649,140,1073
30,高射塔,稀有,29,2.429,663,143,1096
30,高射塔,稀有,30,2.48,677,146,1119
31,采矿机,普通,1,1.0,240,-,-
31,采矿机,普通,2,1.042,250,-,-
31,采矿机,普通,3,1.084,260,-,-
31,采矿机,普通,4,1.126,270,-,-
31,采矿机,普通,5,1.168,280,-,-
31,采矿机,普通,6,1.21,290,-,-
31,采矿机,普通,7,1.252,301,-,-
31,采矿机,普通,8,1.294,311,-,-
31,采矿机,普通,9,1.337,321,-,-
31,采矿机,普通,10,1.379,331,-,-
31,采矿机,普通,11,1.421,341,-,-
31,采矿机,普通,12,1.463,351,-,-
31,采矿机,普通,13,1.505,361,-,-
31,采矿机,普通,14,1.547,371,-,-
31,采矿机,普通,15,1.589,381,-,-
31,采矿机,普通,16,1.631,391,-,-
31,采矿机,普通,17,1.673,402,-,-
31,采矿机,普通,18,1.715,412,-,-
31,采矿机,普通,19,1.757,422,-,-
31,采矿机,普通,20,1.799,432,-,-
31,采矿机,普通,21,1.841,442,-,-
31,采矿机,普通,22,1.883,452,-,-
31,采矿机,普通,23,1.926,462,-,-
31,采矿机,普通,24,1.968,472,-,-
31,采矿机,普通,25,2.01,482,-,-
31,采矿机,普通,26,2.052,492,-,-
31,采矿机,普通,27,2.094,503,-,-
31,采矿机,普通,28,2.136,513,-,-
31,采矿机,普通,29,2.178,523,-,-
31,采矿机,普通,30,2.22,533,-,-
32,重锤卫士,普通,1,1.0,126,35,250
32,重锤卫士,普通,2,1.042,131,36,260
32,重锤卫士,普通,3,1.084,137,38,271
32,重锤卫士,普通,4,1.126,142,39,281
32,重锤卫士,普通,5,1.168,147,41,292
32,重锤卫士,普通,6,1.21,153,42,302
32,重锤卫士,普通,7,1.252,158,44,313
32,重锤卫士,普通,8,1.294,163,45,323
32,重锤卫士,普通,9,1.337,168,47,333
32,重锤卫士,普通,10,1.379,174,48,344
32,重锤卫士,普通,11,1.421,179,50,355
32,重锤卫士,普通,12,1.463,184,51,365
32,重锤卫士,普通,13,1.505,190,53,376
32,重锤卫士,普通,14,1.547,195,54,386
32,重锤卫士,普通,15,1.589,200,56,397
32,重锤卫士,普通,16,1.631,206,57,407
32,重锤卫士,普通,17,1.673,211,59,418
32,重锤卫士,普通,18,1.715,216,60,428
32,重锤卫士,普通,19,1.757,221,62,439
32,重锤卫士,普通,20,1.799,227,63,449
32,重锤卫士,普通,21,1.841,232,64,460
32,重锤卫士,普通,22,1.883,237,66,470
32,重锤卫士,普通,23,1.926,243,67,481
32,重锤卫士,普通,24,1.968,248,69,491
32,重锤卫士,普通,25,2.01,253,70,502
32,重锤卫士,普通,26,2.052,259,72,512
32,重锤卫士,普通,27,2.094,264,73,523
32,重锤卫士,普通,28,2.136,269,75,533
32,重锤卫士,普通,29,2.178,274,76,544
32,重锤卫士,普通,30,2.22,280,78,554
33,骷髅刀盾兵,普通,1,1.0,98,25,182
33,骷髅刀盾兵,普通,2,1.042,102,26,190
33,骷髅刀盾兵,普通,3,1.084,106,27,198
33,骷髅刀盾兵,普通,4,1.126,110,28,205
33,骷髅刀盾兵,普通,5,1.168,114,29,213
33,骷髅刀盾兵,普通,6,1.21,119,30,221
33,骷髅刀盾兵,普通,7,1.252,123,31,228
33,骷髅刀盾兵,普通,8,1.294,127,32,236
33,骷髅刀盾兵,普通,9,1.337,131,33,244
33,骷髅刀盾兵,普通,10,1.379,135,34,251
33,骷髅刀盾兵,普通,11,1.421,139,36,259
33,骷髅刀盾兵,普通,12,1.463,143,37,267
33,骷髅刀盾兵,普通,13,1.505,147,38,274
33,骷髅刀盾兵,普通,14,1.547,152,39,282
33,骷髅刀盾兵,普通,15,1.589,156,40,290
33,骷髅刀盾兵,普通,16,1.631,160,41,297
33,骷髅刀盾兵,普通,17,1.673,164,42,305
33,骷髅刀盾兵,普通,18,1.715,168,43,313
33,骷髅刀盾兵,普通,19,1.757,172,44,320
33,骷髅刀盾兵,普通,20,1.799,176,45,328
33,骷髅刀盾兵,普通,21,1.841,180,46,336
33,骷髅刀盾兵,普通,22,1.883,185,47,344
33,骷髅刀盾兵,普通,23,1.926,189,48,351
33,骷髅刀盾兵,普通,24,1.968,193,49,359
33,骷髅刀盾兵,普通,25,2.01,197,50,366
33,骷髅刀盾兵,普通,26,2.052,201,51,374
33,骷髅刀盾兵,普通,27,2.094,205,52,382
33,骷髅刀盾兵,普通,28,2.136,209,53,389
33,骷髅刀盾兵,普通,29,2.178,213,54,397
33,骷髅刀盾兵,普通,30,2.22,218,56,405
34,小野猪人,普通,1,1.0,84,21,147
34,小野猪人,普通,2,1.042,88,22,153
34,小野猪人,普通,3,1.084,91,23,159
34,小野猪人,普通,4,1.126,95,24,166
34,小野猪人,普通,5,1.168,98,25,172
34,小野猪人,普通,6,1.21,102,25,178
34,小野猪人,普通,7,1.252,105,26,184
34,小野猪人,普通,8,1.294,109,27,190
34,小野猪人,普通,9,1.337,112,28,196
34,小野猪人,普通,10,1.379,116,29,203
34,小野猪人,普通,11,1.421,119,30,209
34,小野猪人,普通,12,1.463,123,31,215
34,小野猪人,普通,13,1.505,126,32,221
34,小野猪人,普通,14,1.547,130,32,227
34,小野猪人,普通,15,1.589,133,33,233
34,小野猪人,普通,16,1.631,137,34,240
34,小野猪人,普通,17,1.673,141,35,246
34,小野猪人,普通,18,1.715,144,36,252
34,小野猪人,普通,19,1.757,148,37,259
34,小野猪人,普通,20,1.799,151,38,264
34,小野猪人,普通,21,1.841,155,39,271
34,小野猪人,普通,22,1.883,158,40,277
34,小野猪人,普通,23,1.926,162,40,283
34,小野猪人,普通,24,1.968,165,41,289
34,小野猪人,普通,25,2.01,169,42,296
34,小野猪人,普通,26,2.052,172,43,301
34,小野猪人,普通,27,2.094,176,44,308
34,小野猪人,普通,28,2.136,179,45,314
34,小野猪人,普通,29,2.178,183,46,320
34,小野猪人,普通,30,2.22,186,47,326
35,长枪教头,普通,1,1.0,204,26,206
35,长枪教头,普通,2,1.042,213,27,215
35,长枪教头,普通,3,1.084,221,28,223
35,长枪教头,普通,4,1.126,230,29,232
35,长枪教头,普通,5,1.168,238,30,241
35,长枪教头,普通,6,1.21,247,31,249
35,长枪教头,普通,7,1.252,255,33,258
35,长枪教头,普通,8,1.294,264,34,267
35,长枪教头,普通,9,1.337,273,35,276
35,长枪教头,普通,10,1.379,281,36,284
35,长枪教头,普通,11,1.421,290,37,293
35,长枪教头,普通,12,1.463,298,38,301
35,长枪教头,普通,13,1.505,307,39,310
35,长枪教头,普通,14,1.547,316,40,319
35,长枪教头,普通,15,1.589,324,41,327
35,长枪教头,普通,16,1.631,333,42,336
35,长枪教头,普通,17,1.673,341,44,345
35,长枪教头,普通,18,1.715,350,45,353
35,长枪教头,普通,19,1.757,358,46,362
35,长枪教头,普通,20,1.799,367,47,371
35,长枪教头,普通,21,1.841,376,48,380
35,长枪教头,普通,22,1.883,384,49,388
35,长枪教头,普通,23,1.926,393,50,397
35,长枪教头,普通,24,1.968,401,51,405
35,长枪教头,普通,25,2.01,410,52,414
35,长枪教头,普通,26,2.052,419,53,423
35,长枪教头,普通,27,2.094,427,54,431
35,长枪教头,普通,28,2.136,436,56,440
35,长枪教头,普通,29,2.178,444,57,449
35,长枪教头,普通,30,2.22,453,58,457
36,短剑士,普通,1,1.0,104,29,168
36,短剑士,普通,2,1.042,108,30,175
36,短剑士,普通,3,1.084,113,31,182
36,短剑士,普通,4,1.126,117,33,189
36,短剑士,普通,5,1.168,122,34,197
36,短剑士,普通,6,1.21,126,35,203
36,短剑士,普通,7,1.252,130,36,210
36,短剑士,普通,8,1.294,135,38,218
36,短剑士,普通,9,1.337,139,39,225
36,短剑士,普通,10,1.379,143,40,231
36,短剑士,普通,11,1.421,148,41,239
36,短剑士,普通,12,1.463,152,42,246
36,短剑士,普通,13,1.505,157,44,253
36,短剑士,普通,14,1.547,161,45,260
36,短剑士,普通,15,1.589,165,46,267
36,短剑士,普通,16,1.631,170,47,274
36,短剑士,普通,17,1.673,174,49,281
36,短剑士,普通,18,1.715,178,50,288
36,短剑士,普通,19,1.757,183,51,295
36,短剑士,普通,20,1.799,187,52,302
36,短剑士,普通,21,1.841,192,53,310
36,短剑士,普通,22,1.883,196,55,316
36,短剑士,普通,23,1.926,200,56,323
36,短剑士,普通,24,1.968,205,57,331
36,短剑士,普通,25,2.01,209,58,338
36,短剑士,普通,26,2.052,213,60,344
36,短剑士,普通,27,2.094,218,61,352
36,短剑士,普通,28,2.136,222,62,359
36,短剑士,普通,29,2.178,227,63,366
36,短剑士,普通,30,2.22,231,64,373
37,火枪手,普通,1,1.0,82,21,153
37,火枪手,普通,2,1.042,85,22,159
37,火枪手,普通,3,1.084,89,23,166
37,火枪手,普通,4,1.126,92,24,172
37,火枪手,普通,5,1.168,96,25,179
37,火枪手,普通,6,1.21,99,25,185
37,火枪手,普通,7,1.252,103,26,192
37,火枪手,普通,8,1.294,106,27,198
37,火枪手,普通,9,1.337,110,28,205
37,火枪手,普通,10,1.379,113,29,211
37,火枪手,普通,11,1.421,116,30,217
37,火枪手,普通,12,1.463,120,31,224
37,火枪手,普通,13,1.505,123,32,230
37,火枪手,普通,14,1.547,127,32,237
37,火枪手,普通,15,1.589,130,33,243
37,火枪手,普通,16,1.631,134,34,250
37,火枪手,普通,17,1.673,137,35,256
37,火枪手,普通,18,1.715,141,36,263
37,火枪手,普通,19,1.757,144,37,269
37,火枪手,普通,20,1.799,148,38,276
37,火枪手,普通,21,1.841,151,39,282
37,火枪手,普通,22,1.883,154,40,288
37,火枪手,普通,23,1.926,158,40,295
37,火枪手,普通,24,1.968,161,41,301
37,火枪手,普通,25,2.01,165,42,308
37,火枪手,普通,26,2.052,168,43,314
37,火枪手,普通,27,2.094,172,44,321
37,火枪手,普通,28,2.136,175,45,327
37,火枪手,普通,29,2.178,179,46,333
37,火枪手,普通,30,2.22,182,47,340
